{"best_theta": [3.4683229281181274, 3.6992695169175493, -4.294742756010617, -2.4465755564707443], "best_loss": 3047.8328097888334}