{"best_theta": [28.242285423671685, 0.09248101871075792, -17.697448970065796, -8.367614476799451], "best_loss": 9865.086193385629}