{"best_theta": [1.9282635316290613, 1.1158279874704742, 4.237319469659731, -2.0251299384391204, 0.07577187776664782, 0.9624259344913207, -1.5901101169504999, -0.4861248350190909, -0.4410783694360078], "best_loss": 0.019629189614220294}