{"best_theta": [2.798278422505086, 4.128722215247342, -1.1681499128137343, 2.269577916840441, 1.02893672200221, -2.579857917367985, 2.214303550961916, -0.7581390859153364, 2.6087072527263886], "best_loss": 1.0044473324447447}