{"best_theta": [3.8348095473961696, 1.1883262654597229, -2.1057570830797525, 1.0159293359682373, -0.759570727544192, 1.9469945875791441, -0.3024285350392352, 2.931423369669921, -4.725018276450809], "best_loss": 1.729743508946733}